title,company,employment_type,location,experience_text,entry_level_match_reason,source_page,job_link,card_text
Backend Engineer,,Full-time,₹6L – ₹10L • No equity,1 year of exp,1 year of exp,https://wellfound.com/role/backend-engineer,https://wellfound.com/jobs/4243297-backend-engineer,Backend Engineer Full-time ₹6L – ₹10L • No equity In office • Bangalore Urban 1 year of exp
"Software Engineer,",,Internal Tools,,,intern,https://wellfound.com/role/software-engineer,https://wellfound.com/jobs/4240803-software-engineer-internal-tools,"Software Engineer, Internal Tools Full-time $120k – $160k San Francisco"
"Software Engineer, Integrations",,Full-time,$25k – $75k • 0.01% – 0.1%,1 year of exp,1 year of exp,https://wellfound.com/role/software-engineer,https://wellfound.com/jobs/3208453-software-engineer-integrations,"Software Engineer, Integrations Full-time $25k – $75k • 0.01% – 0.1% Onsite or remote • Santiago+4 1 year of exp"
Software Engineer,,Full-time,$90k – $130k • No equity,1 year of exp,1 year of exp,https://wellfound.com/role/software-engineer,https://wellfound.com/jobs/4238742-software-engineer,Software Engineer Full-time $90k – $130k • No equity In office • Boulder 1 year of exp
Software Engineer,,Full-time,$90k – $110k • 1.0% – 2.0%,1 year of exp,1 year of exp,https://wellfound.com/role/software-engineer,https://wellfound.com/jobs/3538641-software-engineer,Software Engineer Full-time $90k – $110k • 1.0% – 2.0% In office • Boston+13 1 year of exp
Software Engineer,,Full-time,$90k – $110k • 1.0% – 2.0%,1 year of exp,1 year of exp,https://wellfound.com/role/software-engineer,https://wellfound.com/jobs/3534928-software-engineer,Software Engineer Full-time $90k – $110k • 1.0% – 2.0% In office • Tennessee+1 1 year of exp
Software Engineer,,Full-time,$90k – $110k • 1.0% – 2.0%,1 year of exp,1 year of exp,https://wellfound.com/role/software-engineer,https://wellfound.com/jobs/3705318-software-engineer,Software Engineer Full-time $90k – $110k • 1.0% – 2.0% In office • Tennessee+1 1 year of exp
Software Engineer,,Full-time,$85k – $120k • 0.5% – 1.0%,0 years of exp,0 years of exp,https://wellfound.com/role/software-engineer,https://wellfound.com/jobs/3704173-software-engineer,Software Engineer Full-time $85k – $120k • 0.5% – 1.0% In office • New York City 0 years of exp
Full Stack Developer,,Full-time,$120k – $150k • 0.025% – 0.05%,0 years of exp,0 years of exp,https://wellfound.com/role/developer,https://wellfound.com/jobs/3222352-full-stack-developer,Full Stack Developer Full-time $120k – $150k • 0.025% – 0.05% In office • San Francisco 0 years of exp
Full Stack Developer,,Full-time,$120k – $150k • 0.025% – 0.05%,0 years of exp,0 years of exp,https://wellfound.com/role/developer,https://wellfound.com/jobs/3605015-full-stack-developer,Full Stack Developer Full-time $120k – $150k • 0.025% – 0.05% In office • San Francisco 0 years of exp
